{
	"class_name" : "PinholeCameraParameters",
	"extrinsic" : 
	[
		0.030925165771074837,
		0.64873737545370436,
		0.76038375299020633,
		0.0,
		-0.86489671098424437,
		-0.36394570119790659,
		0.34568367897284458,
		0.0,
		0.50099632079554057,
		-0.6683437321236757,
		0.54983574118124445,
		0.0,
		-0.062927795394665503,
		-0.40603346126364176,
		-0.23470432811812317,
		1.0
	],
	"intrinsic" : 
	{
		"height" : 1080,
		"intrinsic_matrix" : 
		[
			935.30743608719399,
			0.0,
			0.0,
			0.0,
			935.30743608719399,
			0.0,
			959.5,
			539.5,
			1.0
		],
		"width" : 1920
	},
	"version_major" : 1,
	"version_minor" : 0
}