{
	"class_name" : "PinholeCameraParameters",
	"extrinsic" : 
	[
		0.48180474883454355,
		-0.82308139146411929,
		-0.3006679348150908,
		0.0,
		-0.1115303636421188,
		0.2827285729906634,
		-0.95269382909753331,
		0.0,
		0.86915197864719795,
		0.49254601515000845,
		0.044421402201061111,
		0.0,
		-0.32316887890089507,
		0.44339673969154308,
		0.38530151193617629,
		1.0
	],
	"intrinsic" : 
	{
		"height" : 1080,
		"intrinsic_matrix" : 
		[
			935.30743608719399,
			0.0,
			0.0,
			0.0,
			935.30743608719399,
			0.0,
			959.5,
			539.5,
			1.0
		],
		"width" : 1920
	},
	"version_major" : 1,
	"version_minor" : 0
}