{
	"class_name" : "PinholeCameraParameters",
	"extrinsic" : 
	[
		-0.24792764039224968,
		0.50881508609323045,
		0.82440226424572005,
		0.0,
		-0.91239592699564198,
		-0.40870965994180847,
		-0.022137892221585291,
		0.0,
		0.32567707553847658,
		-0.75766986348553544,
		0.56557123374029161,
		0.0,
		0.16043587608026802,
		-0.27748868528800796,
		-0.29677321023647829,
		1.0
	],
	"intrinsic" : 
	{
		"height" : 1080,
		"intrinsic_matrix" : 
		[
			935.30743608719399,
			0.0,
			0.0,
			0.0,
			935.30743608719399,
			0.0,
			959.5,
			539.5,
			1.0
		],
		"width" : 1920
	},
	"version_major" : 1,
	"version_minor" : 0
}