{
	"class_name" : "PinholeCameraParameters",
	"extrinsic" : 
	[
		-0.036213093813061113,
		0.78959467256938265,
		0.61255927459025217,
		0.0,
		-0.45952064820420047,
		-0.55747301651343029,
		0.69142216462405104,
		0.0,
		0.88742852428264773,
		-0.25644509921124697,
		0.38302287840291716,
		0.0,
		0.016333297359541019,
		-0.54094100189255467,
		-0.091513023376467439,
		1.0
	],
	"intrinsic" : 
	{
		"height" : 1080,
		"intrinsic_matrix" : 
		[
			935.30743608719399,
			0.0,
			0.0,
			0.0,
			935.30743608719399,
			0.0,
			959.5,
			539.5,
			1.0
		],
		"width" : 1920
	},
	"version_major" : 1,
	"version_minor" : 0
}