{
	"class_name" : "PinholeCameraParameters",
	"extrinsic" : 
	[
		-0.32416162723467118,
		0.33160036632668521,
		0.88597993006646503,
		0.0,
		-0.82712706137789282,
		-0.55387123203665978,
		-0.095328288868332056,
		0.0,
		0.45910789991563167,
		-0.76371974923672148,
		0.45381943640709965,
		0.0,
		0.017724137035885067,
		-0.31804853695258645,
		-0.26588079490449029,
		1.0
	],
	"intrinsic" : 
	{
		"height" : 1080,
		"intrinsic_matrix" : 
		[
			935.30743608719399,
			0.0,
			0.0,
			0.0,
			935.30743608719399,
			0.0,
			959.5,
			539.5,
			1.0
		],
		"width" : 1920
	},
	"version_major" : 1,
	"version_minor" : 0
}