{
	"class_name" : "PinholeCameraParameters",
	"extrinsic" : 
	[
		0.91980713403066161,
		0.26079392619693431,
		0.2931575757934437,
		0.0,
		-0.29725726649473661,
		-0.024519110060715464,
		0.95448254607295346,
		0.0,
		0.25611121354282373,
		-0.96508307481823485,
		0.054970037265801693,
		0.0,
		-0.63843877458369458,
		-0.22538971894069898,
		0.18683260920959768,
		1.0
	],
	"intrinsic" : 
	{
		"height" : 1080,
		"intrinsic_matrix" : 
		[
			935.30743608719399,
			0.0,
			0.0,
			0.0,
			935.30743608719399,
			0.0,
			959.5,
			539.5,
			1.0
		],
		"width" : 1920
	},
	"version_major" : 1,
	"version_minor" : 0
}