{
	"class_name" : "PinholeCameraParameters",
	"extrinsic" : 
	[
		0.32225504742322258,
		0.44717409615603204,
		0.83437821887756181,
		0.0,
		-0.88380859667747924,
		-0.17366798167506656,
		0.43442122022283131,
		0.0,
		0.33916669773024821,
		-0.87742507364899525,
		0.33925092672358886,
		0.0,
		-0.23212033104314583,
		-0.29472130939214891,
		-0.12071803141623341,
		1.0
	],
	"intrinsic" : 
	{
		"height" : 1080,
		"intrinsic_matrix" : 
		[
			935.30743608719399,
			0.0,
			0.0,
			0.0,
			935.30743608719399,
			0.0,
			959.5,
			539.5,
			1.0
		],
		"width" : 1920
	},
	"version_major" : 1,
	"version_minor" : 0
}