{
	"class_name" : "PinholeCameraParameters",
	"extrinsic" : 
	[
		0.033598796980259693,
		0.77231981208884659,
		-0.63434472386591834,
		0.0,
		0.80533119533046305,
		-0.39679654098748601,
		-0.44044769370263953,
		0.0,
		-0.59187227225904682,
		-0.49605908208137378,
		-0.63530512387001714,
		0.0,
		0.0059846781225014328,
		-0.5674960119728405,
		0.78077773576140941,
		1.0
	],
	"intrinsic" : 
	{
		"height" : 1080,
		"intrinsic_matrix" : 
		[
			935.30743608719399,
			0.0,
			0.0,
			0.0,
			935.30743608719399,
			0.0,
			959.5,
			539.5,
			1.0
		],
		"width" : 1920
	},
	"version_major" : 1,
	"version_minor" : 0
}